"id","patient_name","last_name","patronymic","phone_number","email","address","birthday"
"1","Ansel","Marlowe","Finley","380993505164","Kaelyn_Gorczany55@hotmail.com","5244 Beahan Via","2004-07-17T01:43:28.542"
"2","Ezequiel","Brooklyn","River","380999747338","Fatima_Fisher@yahoo.com","80063 Lowe Islands","1973-09-13T15:36:08.563"
"3","Emmy","Harper","Alex","380992140360","Wilmer_Schroeder5@gmail.com","08959 Aliya Hollow","1967-06-09T17:33:20.073"
"4","Kyla","Jaden","Rowan","380971384459","Abby.Dietrich33@yahoo.com","87926 Dario Ramp","1979-03-10T08:48:50.120"
"5","George","Dakota","Logan","380969084441","Neva.Price69@hotmail.com","7529 Ullrich Rue","1962-06-09T09:22:01.758"
"6","Genoveva","Riley","Sasha","380960620947","Rickey75@gmail.com","1395 Stoltenberg Pines","1979-05-29T17:48:21.609"
"7","Cyrus","Anderson","Quinn","380978987438","Iliana75@gmail.com","1781 O'Conner Way","1990-03-15T09:09:18.803"
"8","Allen","Noah","Sawyer","380982264573","Martina48@hotmail.com","3086 Purdy Lodge","1984-12-26T21:33:23.026"
"9","Casper","Ryan","Gray","380974033769","Brianne_Bernier23@gmail.com","064 Cole Light","2001-12-12T19:01:39.819"
"10","Daryl","Alex","Addison","380953204825","America_Ratke58@gmail.com","26557 Piper Causeway","1992-07-06T00:49:50.545"
"11","Dean","Reese","Jaden","380987866352","Wilton66@gmail.com","554 Idell Freeway","2001-08-16T08:24:23.025"
"12","Dagmar","Charlie","Leslie","380960416467","Sage.Larson@hotmail.com","957 Allene Overpass","2004-08-14T09:34:52.442"
"13","Daisha","River","Sawyer","380962807250","Rebeka.Kertzmann17@yahoo.com","547 Gonzalo Spring","1979-05-09T19:25:40.628"
"14","Sarina","Addison","Jules","380965135716","Aiden_Waelchi23@gmail.com","958 Darwin Wells","1944-03-18T16:06:05.823"
"15","Wilburn","Bailey","Phoenix","380966680966","Casper4@hotmail.com","8084 Jerome Brook","1959-07-15T09:14:10.396"
"16","Melissa","Noah","August","380989110810","Marquise.Ferry@gmail.com","820 Ona Forges","1953-09-28T21:03:00.977"
"17","Jordane","Charlie","Ellis","380989335702","Aric_Gulgowski90@yahoo.com","8806 Lisa Road","1975-05-08T00:07:49.292"
"18","Dell","Rory","Anderson","380972537882","Donnie_DAmore@yahoo.com","89582 Ralph Port","1949-06-09T15:37:56.522"
"19","Betty","Ryan","Taylor","380961358496","Alexandrea_Rowe70@gmail.com","2938 Turner Ford","1992-08-01T08:08:59.560"
"20","Kenna","Shiloh","Bowie","380970388114","Moshe_Witting@yahoo.com","412 Windler Curve","1960-08-26T06:35:32.154"
"21","Hattie","Arden","Jaden","380961219389","Constance.Roberts78@hotmail.com","6763 Enrico Manors","2005-12-20T17:18:21.835"
"22","Flo","Elliott","James","380999798365","Daryl_Sawayn79@hotmail.com","66909 Jarod Ways","1952-11-06T13:43:19.404"
"23","Frieda","Reign","Charlie","380983468807","Bianka_Reilly52@hotmail.com","5287 Julio Meadow","1986-05-15T15:20:49.475"
"24","Chad","Ellis","Blake","380989030973","Milton_Shanahan@gmail.com","93289 Dejah Shore","1984-03-01T20:22:17.316"
"25","Dustin","Marlowe","Rory","380973807016","Elda18@hotmail.com","080 Emely Greens","1950-04-24T15:09:19.630"
"26","Wilton","Kennedy","Kyle","380999238135","Brandon_Ruecker@hotmail.com","40543 Norval Lodge","1956-03-09T22:31:21.665"
"27","Iva","Austin","North","380996693549","Kolby_Cormier@gmail.com","336 Schuyler Fall","1975-07-10T22:00:28.767"
"28","Braeden","Gray","Marlowe","380986951617","Ansley_Price14@gmail.com","95319 Elyse Throughway","1981-02-04T09:24:27.587"
"29","Jordi","Arden","Charlie","380960726230","Lavina79@hotmail.com","20845 Dooley Rapid","1984-12-22T13:29:47.053"
"30","Stewart","Jaden","Micah","380955325308","Noemy_Wilderman@gmail.com","56464 Robert Plains","1961-11-29T16:30:51.395"
"31","Carolyn","Phoenix","London","380987598150","Meredith54@gmail.com","044 Kendrick Centers","1982-08-16T07:39:52.574"
"32","Maximus","Logan","Austin","380980798968","Jonathan.Hahn7@hotmail.com","254 Hegmann Rapid","1950-12-13T22:04:31.418"
"33","Kimberly","Logan","Cameron","380968713560","Antonetta.Kuhlman59@yahoo.com","3274 Ona Bridge","1971-08-10T09:52:27.947"
"34","Marjolaine","Sawyer","Shawn","380982908888","Jeremy.McKenzie3@gmail.com","621 Declan Mall","1980-01-12T12:18:09.852"
"35","Hanna","Parker","Hayden","380967891350","Makenna87@hotmail.com","8968 Abagail Shoals","1944-03-24T17:10:51.995"
"36","Florine","Angel","Angel","380959913183","Aric_Rutherford@hotmail.com","0009 Bauch Skyway","1977-06-25T11:45:03.389"
"37","Frederic","Shiloh","Quinn","380991857729","Korbin_Corwin96@hotmail.com","7308 Weimann Light","1961-02-21T12:33:46.807"
"38","Karelle","Micah","Logan","380980328652","Hailie.Torp@yahoo.com","32942 Donnelly Drive","1949-02-03T11:36:43.979"
"39","Queenie","North","Bailey","380962540818","Augusta92@hotmail.com","8383 Lang Fall","2002-12-07T11:53:35.149"
"40","Bernice","Angel","Shiloh","380993010504","Andreane38@hotmail.com","26741 Syble Summit","1948-12-17T19:30:17.564"
"41","Pinkie","London","Leslie","380987273310","Santiago54@gmail.com","1110 Kunze Cliff","1990-07-27T08:12:27.025"
"42","Paris","Corey","Shiloh","380983170018","Rhiannon99@gmail.com","1399 Dare Glen","1967-12-14T04:18:56.408"
"43","Anita","Emerson","Elliott","380968315478","Mikel.Armstrong29@gmail.com","6625 Witting Circles","1955-01-23T10:45:42.782"
"44","Cassandra","Jordan","Finley","380970288544","Vernon57@yahoo.com","996 Kerluke Shores","1971-08-13T17:34:27.398"
"45","Afton","Cameron","Drew","380971198233","Quinten.Legros7@yahoo.com","93043 Nelson Park","1944-06-05T06:05:39.346"
"46","Oliver","Finley","Corey","380983400605","Diana66@hotmail.com","6214 Mitchell Groves","2002-05-20T20:44:09.228"
"47","Sammy","Dakota","Sage","380982528421","Cicero.Larson68@hotmail.com","4906 Gerlach Circles","1981-03-28T06:07:43.959"
"48","Sigrid","Reese","Brooklyn","380960058892","Carli_Kuhlman91@yahoo.com","888 Deckow Unions","1990-07-20T06:24:47.811"
"49","Liliana","Parker","Sawyer","380989934344","Etha_Schimmel@hotmail.com","965 Ervin Terrace","1952-03-14T07:22:24.076"
"50","Marguerite","Blake","Ellis","380981450271","Armando52@yahoo.com","1582 Ruecker Union","1955-06-24T04:03:42.519"
"51","Mathias","London","London","380996354156","Bulah_Lockman@hotmail.com","8162 O'Keefe Overpass","1944-08-17T15:51:07.268"
"52","Clarissa","Sage","Finley","380963098716","Aletha89@gmail.com","919 Toy Villages","1969-11-03T00:25:13.493"
"53","Monte","Noah","Jules","380968862945","Carter_Cassin@yahoo.com","2386 Hoppe Cliff","1961-09-11T15:38:58.565"
"54","Hilma","Greer","Greer","380996431295","Cordelia_Osinski81@gmail.com","473 Carter Avenue","1991-06-20T23:16:46.238"
"55","Lavern","James","Greer","380975790140","Hannah84@yahoo.com","753 Riley Locks","1963-04-19T09:53:40.539"
"56","Ezequiel","Gray","Ellis","380953801406","Derrick19@gmail.com","67685 Frederick Throughway","1961-09-17T11:39:32.563"
"57","Grace","Sage","River","380971630128","Lukas_Walter@hotmail.com","55504 Turner Crescent","1979-01-29T11:49:32.728"
"58","Joannie","Sage","Parker","380986718938","Adrien_Wintheiser68@gmail.com","136 Sanford Forks","1977-10-07T05:23:34.926"
"59","David","Hayden","Angel","380986408998","Arjun_McCullough25@yahoo.com","850 White Oval","1958-12-19T20:40:08.158"
"60","Lemuel","Emerson","Skyler","380989496934","Americo55@gmail.com","69833 Mabelle Keys","1956-10-31T04:32:12.009"
"61","Pete","Addison","Rowan","380991362306","Corrine13@gmail.com","55030 Edwardo Garden","1968-12-28T07:52:00.582"
"62","Leslie","Angel","Elliott","380972025077","Jaylon_Konopelski4@gmail.com","901 Spinka Garden","1945-12-30T15:45:40.302"
"63","Whitney","Shiloh","Emerson","380970879911","Chauncey.Keebler@gmail.com","6737 Koby Shores","1949-01-31T05:06:14.148"
"64","Eldon","London","Sasha","380970733357","Chandler.Fay@gmail.com","8215 Flo Hollow","1974-11-27T15:14:23.489"
"65","Abe","Phoenix","Marlowe","380962060668","Nora35@hotmail.com","1880 Spencer Track","1963-09-17T14:30:05.737"
"66","Janis","Austin","Arden","380953112042","Pinkie.Auer@hotmail.com","6898 Schmeler Manor","1972-01-03T05:17:55.071"
"67","Brionna","Kendall","Leslie","380988698217","Josie.Welch4@hotmail.com","07024 Greyson Lakes","1974-07-18T13:37:17.608"
"68","Litzy","Sasha","Sage","380997611935","Shanon67@yahoo.com","2591 Stroman Viaduct","1955-02-13T16:46:13.075"
"69","Jesus","Marlowe","Kai","380953476491","Frankie_Macejkovic@yahoo.com","8835 Easter Lane","1966-06-22T16:39:36.915"
"70","Miracle","Avery","Rory","380964150333","Roel28@hotmail.com","8513 Mark Crescent","1982-07-19T17:58:25.470"
"71","Vena","Charlie","Quinn","380959328097","Allie27@gmail.com","03665 Aurelie Rue","1971-11-21T12:55:12.571"
"72","Cortney","North","Blake","380980489628","Bruce_Becker24@hotmail.com","42384 Bergnaum Trafficway","1969-01-18T07:40:16.435"
"73","Rory","Emerson","Austin","380992333087","Aurelio_Oberbrunner42@hotmail.com","29595 Thiel Brooks","1946-10-04T19:04:44.623"
"74","Raleigh","Marlowe","Hayden","380997722059","Itzel_Keebler@gmail.com","7914 Halvorson Ranch","1987-05-09T03:06:07.659"
"75","Francisco","Jules","James","380957844189","Roderick1@hotmail.com","977 Boyle Inlet","1967-02-17T06:10:12.745"
"76","Hoyt","Bailey","Drew","380997175123","Wilma99@yahoo.com","71808 Kovacek Hollow","1998-09-16T22:19:24.970"
"77","Virgie","North","Shiloh","380962281149","Wendy.Breitenberg64@yahoo.com","57402 Stephany Points","1967-11-24T10:50:41.643"
"78","Zena","Phoenix","Charlie","380982859261","Verla_Baumbach12@gmail.com","217 Hazle Bridge","1951-09-20T09:47:05.640"
"79","Roma","River","Noah","380983005863","Roberto_Koepp@gmail.com","451 Dicki Courts","1961-08-25T07:24:54.572"
"80","Weston","August","Bailey","380957787957","Liam.Hansen4@hotmail.com","95530 Orval Roads","1983-03-03T04:41:31.655"
"81","Catherine","Kyle","Noah","380960716048","Mozell.Hahn@yahoo.com","2643 Zora Knolls","1977-06-17T12:46:30.958"
"82","Nedra","Cameron","Shawn","380976411495","Austen.Green17@hotmail.com","83612 Fay Bridge","1961-05-23T01:10:34.338"
"83","Jeramie","Charlie","Leslie","380999554829","Luisa99@yahoo.com","4204 Paucek Via","1997-05-29T04:12:48.565"
"84","Stephania","Reagan","Jamie","380975534024","Alvah.Jacobs@gmail.com","2483 Alva Court","1946-06-04T10:22:52.910"
"85","Beth","Parker","Billie","380954975536","Corrine31@yahoo.com","9536 Bruen Key","1971-10-22T01:33:54.073"
"86","Viviane","Jordan","Anderson","380965972094","Joe.Rippin45@yahoo.com","772 Toney Views","1996-01-27T21:33:51.892"
"87","Jesus","Skyler","Micah","380979963945","Adelbert40@gmail.com","4528 Elmer Glens","1975-07-30T06:37:16.033"
"88","Shanon","Sasha","Avery","380965901461","Cassandre_Wilderman95@gmail.com","67743 Treutel Key","1981-02-15T23:59:13.606"
"89","Federico","Jamie","Bowie","380974302927","Kiana.Ebert@hotmail.com","1631 Francesco Lane","1960-05-09T04:17:33.252"
"90","Cora","Drew","Rowan","380984882501","Adaline_Fay@yahoo.com","03574 Laverna Spurs","1977-08-19T03:41:17.717"
"91","Herbert","Dakota","Brooklyn","380965477867","Barney_VonRueden24@yahoo.com","6082 Russell Springs","1964-08-09T21:39:09.153"
"92","Lillian","Corey","Greer","380957544542","Gillian35@gmail.com","019 Ashton Grove","2005-05-29T21:03:28.814"
"93","Kaleb","Rory","Jordan","380973739579","Judah.Crona64@gmail.com","765 Krista Light","1959-01-13T09:18:23.816"
"94","Ricky","Shiloh","Arden","380975604935","Mike.Nienow@hotmail.com","7569 Gleason Divide","1988-08-15T21:05:05.649"
"95","Jody","Jaden","Skyler","380954769642","Junior_Labadie@hotmail.com","2979 Alexys Knolls","1973-01-23T12:26:04.819"
"96","Nickolas","Jaden","Elliott","380960600363","Dexter.Pacocha@yahoo.com","97951 Kurtis Highway","1997-09-06T12:37:26.352"
"97","Chelsea","Logan","Reese","380970546083","Mack61@gmail.com","1947 Rod Shoals","1992-10-09T05:24:56.867"
"98","Murphy","Kendall","Angel","380974567545","Thad_Price93@gmail.com","286 Uriel Shore","1962-09-18T19:12:15.805"
"99","Jason","Sage","Leslie","380959819104","Alanna.Rath@yahoo.com","5326 Huel Key","1982-11-15T12:43:14.340"
"100","Reymundo","Blake","Elliott","380971305726","Keshawn91@hotmail.com","2016 Reginald Ports","1977-03-12T10:53:19.006"
"101","Jackie","Ryan","Angel","380962541253","Hertha_Goldner70@hotmail.com","165 Champlin Track","1983-10-13T22:52:02.949"
"102","Juana","Marlowe","Blake","380980683303","Magnolia.Daniel51@gmail.com","321 Schuppe Flat","1959-09-05T16:16:27.060"
"103","Heaven","Noah","Leslie","380998944180","Ebba_Dickinson83@gmail.com","538 Dibbert Dale","1976-02-18T23:09:50.325"
"104","Jarret","Micah","Corey","380979562933","Kennedi_Smitham78@hotmail.com","68849 Henriette Alley","1965-04-16T09:41:02.399"
"105","Leopold","Emerson","Skyler","380984743270","Jadon.Mueller@gmail.com","96095 Sawayn Ways","1982-11-27T12:53:20.503"
"106","Della","Gray","Harper","380972661886","Lucy_Crona@hotmail.com","0232 Giles Corner","1982-09-20T23:40:39.886"
"107","Kailyn","Austin","Shawn","380982881728","Wilford.Hane28@hotmail.com","1762 Abshire Pine","2002-08-14T22:53:46.370"
"108","Jerome","Bailey","Ryan","380976834535","Seth64@hotmail.com","725 Erin Villages","1986-08-24T20:40:46.464"
"109","Linnea","Blake","Harper","380998826229","Preston60@hotmail.com","328 Abbigail Wall","1966-10-19T03:04:25.771"
"110","Jesus","Marlowe","Marlowe","380951555871","Marjory_DAmore@yahoo.com","9832 Darrion Mount","1971-05-04T14:34:00.906"
"111","Mckayla","London","Brooklyn","380973256440","Nora31@hotmail.com","390 Mosciski Harbor","1996-12-12T21:55:16.632"
"112","Vernon","Reign","Finley","380953113921","Hassie23@gmail.com","382 Reynolds Glens","1952-12-15T15:48:48.281"
"113","Elissa","Finley","Kennedy","380998973588","Sonya_Schimmel@gmail.com","2031 Conner Meadow","1988-05-28T05:45:28.650"
"114","Samanta","Anderson","Hayden","380993314971","Matilde_Beier@yahoo.com","895 Ray Shoals","1979-11-19T16:07:52.851"
"115","Meghan","Charlie","Logan","380966950816","Casandra_Sawayn@yahoo.com","83086 Quentin Way","1966-11-06T15:07:21.924"
"116","Gilda","Kai","Micah","380973677356","Caden.Nitzsche35@gmail.com","040 Marvin Groves","1966-10-27T07:08:52.664"
"117","Jaylin","Bowie","Rory","380975874859","Henri1@yahoo.com","8817 Adelia Street","1977-11-17T00:40:58.278"
"118","Omari","Emerson","Jules","380985826161","Donnie_Anderson@gmail.com","939 Shanna Locks","1984-07-16T20:08:03.062"
"119","Rosanna","Jordan","Angel","380987213729","Selina_Jacobs@yahoo.com","432 Kenton Orchard","1945-09-29T14:51:35.620"
"120","Noel","Logan","Elliott","380980761782","Caterina_Ledner@yahoo.com","4741 Rocky Rue","1960-01-03T16:35:34.231"
"121","Liliana","Austin","Finley","380953775224","Bernadine.Wolf@hotmail.com","5568 Cade Underpass","2002-11-02T08:05:46.157"
"122","Abigayle","Robin","Reagan","380987477235","Isabella_Johnston23@gmail.com","8029 Alisa Springs","1952-03-10T17:47:26.828"
"123","Jamarcus","Sage","Brooklyn","380986740874","Candace.Kessler29@hotmail.com","53214 Katherine Village","1997-09-16T12:15:47.715"
"124","Scotty","Billie","Rory","380962462315","Zaria.Brekke@gmail.com","689 Mayer Valley","2004-12-09T17:40:14.849"
"125","Paula","Sawyer","Skyler","380952109643","Zoe.Veum@gmail.com","800 Tate Light","2000-03-07T20:42:01.562"
"126","Barton","Charlie","Shawn","380952143611","Linwood60@gmail.com","85710 Lesch Crossroad","1960-04-14T13:16:55.382"
"127","Estrella","Charlie","Skyler","380977769163","Clotilde.Grady@gmail.com","5137 Ricky Underpass","1967-02-06T12:29:55.016"
"128","Orlando","Jamie","Elliott","380998928112","Katharina80@yahoo.com","281 Kaya Mountains","1990-12-07T14:16:33.820"
"129","Jordi","Cameron","Reagan","380977487040","Thora_Feest@gmail.com","283 Jasen Manors","1986-03-11T17:12:27.073"
"130","Mariah","Blake","Alex","380985755685","Beryl_Walter@hotmail.com","32792 Gretchen Avenue","1984-07-11T17:02:40.457"
"131","Sanford","Taylor","Alex","380956528899","Earnest49@hotmail.com","8614 Aniya Inlet","1953-05-06T18:58:26.974"
"132","Mona","Rowan","Brooklyn","380995356961","Dandre.Littel@hotmail.com","88850 Damon Cliffs","1958-01-24T12:07:10.205"
"133","Blanche","Bailey","Kyle","380971712836","Jessie6@yahoo.com","3076 Greenfelder Pines","1997-04-30T09:43:03.565"
"134","Reina","Angel","North","380965254952","Reyna.Collier85@hotmail.com","79560 Bryon Vista","1980-01-27T03:33:21.933"
"135","Ed","Phoenix","Billie","380969415043","Celestino.Wintheiser@hotmail.com","371 Isabell Cove","2002-05-01T09:27:51.314"
"136","Johnnie","Jamie","London","380989181586","Rogers.Bailey@hotmail.com","426 Imelda Bridge","2005-06-16T09:13:23.274"
"137","Derick","Noah","Marlowe","380987066360","Rhianna58@hotmail.com","4345 Rutherford Locks","1982-06-25T11:33:25.810"
"138","Rory","Skyler","Avery","380987979069","Vern.Dickens@hotmail.com","62153 Frami Fords","2002-01-30T17:53:14.335"
"139","Karson","Jamie","Charlie","380967289072","Darryl64@gmail.com","9623 Farrell Pass","1949-10-15T01:59:56.900"
"140","Kaci","Bailey","Reagan","380952782687","Kenya6@yahoo.com","395 Kling Ridges","1949-07-16T18:50:26.828"
"141","Lilyan","Noah","Jaden","380967819895","Domenic_Marks@hotmail.com","418 Orn Ridge","1969-08-02T22:19:17.901"
"142","Gunnar","Quinn","Kyle","380997000496","Marvin24@gmail.com","8902 Lindsay Alley","1967-11-10T10:12:55.524"
"143","Jaden","Jordan","Brooklyn","380973593138","Ethelyn_Braun61@gmail.com","1512 Carolyn Courts","1980-07-10T08:10:12.632"
"144","Jalon","River","Ellis","380951984597","Imani.Medhurst39@yahoo.com","170 Mraz Walk","1974-05-16T00:43:41.994"
"145","Dorris","Ellis","Charlie","380978254029","Isabel_Wisozk@gmail.com","86975 Bogan Pines","1981-01-01T06:02:25.515"
"146","Leonel","Brooklyn","Bailey","380983457832","Rusty45@gmail.com","9463 Wolff Gateway","1993-02-07T01:01:38.570"
"147","Bulah","Rory","Rory","380957289922","Claudine49@hotmail.com","9903 Rau Way","1961-05-14T12:31:03.948"
"148","Chadrick","Robin","Marlowe","380955501769","Donavon.Keeling@hotmail.com","400 Gulgowski Spurs","2004-02-10T04:38:12.389"
"149","Isaac","Shawn","Noah","380982636763","Gianni_Green@hotmail.com","90089 Sven Inlet","1982-06-02T04:11:47.603"
"150","Estel","James","Austin","380959124859","Roman.Barton86@gmail.com","824 Jerde Junctions","1990-10-17T14:44:56.950"
"151","German","Cameron","Leslie","380963639359","Reuben_Cruickshank79@yahoo.com","33188 Tina Ridge","1962-01-30T13:41:22.159"
"152","Jayson","Nico","Logan","380982349326","Yvette_Hickle48@yahoo.com","324 Yundt Trafficway","2003-05-16T20:19:39.627"
"153","Josh","Sasha","Rory","380983270089","Dovie87@gmail.com","67980 Fredrick Isle","1963-07-05T06:55:31.679"
"154","Deven","Harper","Micah","380973339850","Ephraim84@hotmail.com","85220 Hane Spurs","2004-12-01T11:23:44.102"
"155","Delmer","Angel","Skyler","380994280029","Webster_Beahan52@gmail.com","87054 Goodwin Estate","1983-05-14T19:28:20.412"
"156","Wayne","Shiloh","Rowan","380982265013","Willy_Boehm@gmail.com","62806 Dallas Port","2003-08-08T09:37:37.092"
"157","Abdul","Kendall","Alex","380983099271","Andy10@yahoo.com","6626 Steuber Bypass","1997-01-30T02:47:29.834"
"158","Alda","Corey","Finley","380964066870","Maci_Smith91@yahoo.com","2822 Estrella Summit","1969-10-31T18:05:14.618"
"159","Cooper","River","Bailey","380959992990","Frida.Nikolaus32@gmail.com","888 Dickens Common","1970-12-02T13:53:53.279"
"160","Lorenza","Drew","Quinn","380957248132","Jacquelyn_Stroman@yahoo.com","605 Nina Drive","1981-08-11T01:17:57.812"
"161","Hilda","James","Marlowe","380977899323","Eriberto49@gmail.com","112 Quitzon Burgs","1951-05-02T05:35:27.651"
"162","Selmer","Phoenix","Phoenix","380962231002","Howell_Bechtelar@yahoo.com","030 Wellington Springs","1988-09-26T02:11:32.989"
"163","Marley","Arden","Cameron","380990927011","Johanna.Von22@yahoo.com","1979 Jalon Estates","1979-11-07T16:41:20.357"
"164","Andre","Ryan","Emerson","380974389187","Bulah71@hotmail.com","65936 Carlos Fields","1960-05-06T09:46:32.230"
"165","Jettie","Brooklyn","Drew","380975909235","Audreanne.Simonis92@gmail.com","101 Shanahan Course","1967-10-27T01:34:51.012"
"166","Abbey","North","Rowan","380961370224","Magnolia_Abshire67@gmail.com","69613 Christelle Branch","1987-06-02T15:04:37.829"
"167","Winston","Jordan","Blake","380962109157","Dedrick.Hodkiewicz12@hotmail.com","00803 Torphy Plaza","1988-09-30T16:25:59.165"
"168","Gracie","Reign","Dakota","380962183311","Rodrigo_Cruickshank11@gmail.com","7179 Price Square","1977-08-22T01:18:49.333"
"169","Noemi","Hayden","Leslie","380953821886","Moriah58@hotmail.com","049 Greenfelder Pike","2006-03-27T08:26:01.796"
"170","Lindsey","Skyler","Dakota","380992989137","Jamel.Carroll96@hotmail.com","3657 Icie Street","1992-10-14T09:40:49.848"
"171","Dorothea","Cameron","Jaden","380978097276","Camryn.Balistreri@yahoo.com","31435 Jacobi Hills","1980-03-29T20:08:20.084"
"172","Bradford","Shawn","Harper","380961389396","Chad.Effertz19@yahoo.com","6283 Suzanne Unions","1994-11-16T07:05:05.406"
"173","Dax","Marlowe","Anderson","380973257534","Damon.Mayer11@hotmail.com","897 Ruby Plain","1960-08-12T08:59:12.542"
"174","Lesly","Nico","Drew","380981630997","Jerry_Dickens25@yahoo.com","17402 Harvey Ford","1951-06-24T04:33:33.215"
"175","Bobby","Reign","Skyler","380995828470","Stephon_Grant18@gmail.com","87376 Carrie Hollow","1982-06-22T01:03:47.414"
"176","Stephanie","Billie","Arden","380962096929","Asa3@hotmail.com","87904 Abernathy Lane","1985-11-24T02:01:07.540"
"177","Marisol","River","Nico","380954212227","Karen.Ratke96@gmail.com","3940 Gerry Land","1981-04-02T21:46:32.356"
"178","Jordi","Jamie","Sawyer","380952870886","Barbara.Schultz@yahoo.com","826 Schneider Ports","1990-04-23T15:17:29.630"
"179","Ardith","Bowie","Leslie","380999395343","Eli76@hotmail.com","07259 Webster Pass","1985-09-16T04:23:29.647"
"180","Libbie","Logan","Jules","380955319849","Brooklyn28@gmail.com","47625 Connelly Turnpike","1993-09-17T10:17:40.278"
"181","Neil","Nico","Noah","380999889965","Tara5@hotmail.com","6684 Grady Bridge","1981-02-04T04:11:01.854"
"182","Lori","Avery","Sasha","380986810745","Ethel11@gmail.com","4736 Jacobi Estate","1998-06-03T06:20:44.717"
"183","Glenda","Kennedy","Ryan","380984029959","Grayson47@gmail.com","585 Rollin Bypass","2005-01-12T14:09:21.452"
"184","Dewayne","Addison","Ryan","380974606914","Jacinthe.Cole@gmail.com","378 Carey Brook","1991-01-08T03:23:18.082"
"185","Elton","Harper","Greer","380989860775","Julian48@hotmail.com","64206 Alexis Landing","2004-02-02T22:57:21.925"
"186","Randal","Shiloh","August","380991759997","Icie99@hotmail.com","2372 Krystel Rest","2004-10-07T09:08:17.924"
"187","Ally","Dakota","Parker","380962509047","Jaeden_Kunze64@hotmail.com","515 Laron Valley","1970-10-31T19:13:43.598"
"188","Alisha","Harper","Shiloh","380951912826","Winifred26@gmail.com","5191 Elton Point","1977-10-13T02:05:27.444"
"189","Krystina","Marlowe","Logan","380994816018","Jewel_Carter75@hotmail.com","46216 Gilda Park","1990-02-23T00:44:26.062"
"190","Nelson","Jaden","Blake","380959050908","Cornelius67@hotmail.com","06023 Narciso Wells","1974-01-31T03:51:25.152"
"191","Loyce","Jules","Hayden","380967782034","Uriel_Larson@gmail.com","854 Daniella Cape","1996-09-29T09:19:48.974"
"192","Fay","Sage","Leslie","380960377627","Agustin.Tillman73@gmail.com","5939 Medhurst Ways","1995-05-27T22:08:29.984"
"193","Stacy","Billie","Reagan","380971651361","Maddison42@hotmail.com","8867 Milo Station","1949-12-08T18:25:55.021"
"194","Francisco","River","Marlowe","380978375920","Pasquale80@hotmail.com","4166 Elissa Harbors","1961-06-25T20:55:42.741"
"195","Faye","Hayden","Bowie","380994263079","Emely26@gmail.com","933 Hermann Islands","1945-03-28T21:50:17.799"
"196","Nikko","Alex","Jaden","380970197140","Ofelia_Goyette@yahoo.com","98460 Tremblay Well","1968-10-28T04:41:24.918"
"197","Eileen","Bailey","Jamie","380956796922","Lavern_Crona@gmail.com","84587 Bailey Dale","1949-06-04T17:53:15.185"
"198","Jocelyn","Bowie","Leslie","380969714064","Mireille6@hotmail.com","66395 Runte Mews","1989-10-25T14:24:28.592"
"199","Olga","Jamie","Shiloh","380998462878","Estelle70@yahoo.com","7837 Kristofer Brook","1977-02-02T16:38:24.981"
"200","Shakira","Sage","Corey","380963142161","Maida.Nikolaus@yahoo.com","14458 Zboncak Locks","1955-11-08T14:27:16.488"
"201","Millie","Greer","Charlie","380973825016","King_Russel@yahoo.com","532 Elijah Course","2004-08-08T13:11:45.093"
"202","Shyanne","Bowie","Jaden","380958939659","Emmanuel.Hammes@gmail.com","029 Augustus Viaduct","1974-12-07T03:55:20.069"
"203","Chelsey","Billie","North","380981268670","Chyna_Rath56@gmail.com","694 Morar Shore","1944-01-10T12:09:52.658"
"204","Casper","Ellis","Brooklyn","380999661069","Jacques85@hotmail.com","5769 Lillian Divide","1998-10-09T01:45:24.177"
"205","Cordelia","Austin","Kai","380959081740","Burley8@yahoo.com","0022 Kshlerin Square","1945-11-28T08:45:51.943"
"206","Rogelio","August","Finley","380952186829","Sophie47@gmail.com","00227 Terrill Views","1999-04-13T21:25:18.234"
"207","Josephine","Robin","Bowie","380963504918","Baron_Thompson11@gmail.com","97080 Julia Pike","1973-10-17T05:10:56.849"
"208","Frederik","Parker","Sage","380990975729","Anabelle.Lang@hotmail.com","17257 Johnston Union","2003-04-18T21:35:34.366"
"209","Eliezer","Noah","Rowan","380962287186","Dannie.Will58@yahoo.com","10120 Jackeline Via","1953-04-16T18:15:56.519"
"210","Matt","Shawn","Shawn","380979082877","Raul92@gmail.com","315 Layla Fields","1981-07-24T02:10:20.056"
"211","Dandre","Skyler","Micah","380992815231","Marisa.Langworth@yahoo.com","08232 Runolfsdottir Port","1969-12-25T14:35:39.276"
"212","Austyn","Anderson","Harper","380968046063","Pearline_Hudson30@hotmail.com","7562 Alec Place","1989-12-16T11:09:12.441"
"213","Brendan","Leslie","Sasha","380961847342","Wayne.Turcotte@gmail.com","357 Huel Coves","1980-01-31T03:48:53.580"
"214","Claudia","Ryan","Riley","380963060316","Brittany_Reichert48@hotmail.com","42525 Labadie Wall","1956-12-29T02:13:20.876"
"215","Nelda","Micah","London","380976591986","Hardy_Hintz55@gmail.com","979 Prudence Fork","1949-06-12T01:26:02.874"
"216","Bennie","James","Rowan","380968480970","Lillian.Borer@hotmail.com","4240 Nicolas Radial","1994-08-21T17:50:38.705"
"217","Milford","Finley","Harper","380993286268","Dameon38@gmail.com","1028 Waters Wall","2003-05-19T19:11:41.833"
"218","Rogelio","Charlie","Bowie","380970976039","Amani86@gmail.com","85891 Claude Lake","1983-02-27T10:03:39.527"
"219","Ewald","Greer","River","380968793563","Letha.Klein@hotmail.com","748 Keith Ford","1994-11-30T16:26:18.594"
"220","Kamille","Gray","Sasha","380968002421","Nigel18@hotmail.com","7912 Joshua Lodge","2004-06-08T19:48:28.367"
"221","Kendall","Shawn","Kyle","380979653598","Tessie45@gmail.com","11081 Eduardo Meadows","1973-12-20T11:36:59.384"
"222","Werner","Marlowe","Greer","380982633185","Suzanne23@hotmail.com","157 Adolfo Rapid","1968-07-04T10:39:49.644"
"223","Darrion","River","Corey","380997102406","Naomie_Muller@yahoo.com","0642 Kacey Camp","1954-09-08T21:16:12.109"
"224","Ardella","Finley","Taylor","380984573748","Joshuah.Konopelski40@hotmail.com","0589 Cremin Ridge","1959-08-13T12:22:41.056"
"225","Nels","Parker","Sage","380990737288","Onie_Kulas17@gmail.com","2992 Kacey Burg","2000-11-22T04:50:47.358"
"226","Terrill","Brooklyn","Micah","380985946054","Ashton31@gmail.com","75404 Batz Ridges","1978-09-06T00:15:10.902"
"227","Merritt","Reign","Nico","380961664400","Keven52@yahoo.com","7468 Emerson Wells","1993-01-23T02:30:44.248"
"228","Ramona","Corey","Marlowe","380992356283","Zack52@gmail.com","616 Funk Lodge","2005-07-03T10:40:02.267"
"229","Ralph","Robin","Shiloh","380962090219","Glenda7@gmail.com","599 Lavon Mews","1998-08-07T15:01:28.576"
"230","Durward","Reagan","Reign","380957443133","Grayce76@gmail.com","323 Raynor Points","1951-08-13T16:13:25.969"
"231","Deanna","Sasha","Marlowe","380991182714","Rosie78@yahoo.com","8788 Lolita Grove","1968-02-03T04:38:06.236"
"232","Tia","Gray","London","380969278951","Rene.Bernhard@gmail.com","5022 Effertz Creek","1988-01-11T20:42:04.982"
"233","Kimberly","Avery","James","380990317803","Rhiannon64@hotmail.com","6463 Carrie Villages","1949-03-13T22:48:43.257"
"234","Norberto","Sawyer","Kyle","380952292868","Dessie_Balistreri44@hotmail.com","41086 Willow Center","1950-11-21T10:19:33.740"
"235","Hassan","Emerson","James","380968503995","Ray_Leannon@gmail.com","8553 Altenwerth Burgs","1976-01-13T17:21:14.513"
"236","Ian","Dakota","Dakota","380966436487","Domenick_Strosin@yahoo.com","6998 Yundt Cliffs","1997-08-30T00:19:42.205"
"237","Candelario","Finley","Sasha","380997778387","Kyra.Sawayn@hotmail.com","5561 Jeanne Falls","1955-11-16T19:08:31.600"
"238","Ebony","Leslie","Reese","380967492140","Hillary78@hotmail.com","554 Emmitt Fort","1944-03-23T10:24:42.337"
"239","Leonie","Kennedy","Riley","380990596276","Jess78@hotmail.com","7319 Terry Route","1958-06-28T20:46:25.615"
"240","Paxton","Hayden","Rowan","380954920471","Aaron29@yahoo.com","8254 Schneider Circle","1968-11-07T00:35:23.134"
"241","Beatrice","Ellis","Phoenix","380987526075","Mittie13@gmail.com","013 Eleonore Place","1986-04-03T00:22:24.912"
"242","Pearl","Shawn","Charlie","380957786132","Jeromy55@gmail.com","246 Kihn Causeway","1944-02-01T05:41:06.748"
"243","Genoveva","London","James","380988672604","Jacques90@hotmail.com","342 Brenda Wells","1988-07-25T17:24:49.824"
"244","Timmothy","Drew","London","380956741846","Frankie.Roob@hotmail.com","881 Smith Stravenue","1961-06-06T23:54:35.028"
"245","Isom","Austin","Austin","380961488322","Carlotta.Cartwright@yahoo.com","6353 Manuel Crossroad","2003-05-10T13:54:10.335"
"246","Dallas","Emerson","Emerson","380953830892","Ted.Abbott@hotmail.com","09230 Bailey Hill","1976-02-20T02:06:24.880"
"247","Karolann","Jordan","Jaden","380953181655","Eleanore_Hackett@hotmail.com","5270 Hirthe Parks","1979-10-12T06:16:11.295"
"248","Deborah","Alex","Quinn","380986545331","Berniece0@hotmail.com","2326 Gianni Crescent","1982-11-26T02:06:49.614"
"249","Elmer","Cameron","Shawn","380972303586","Lourdes.Weber@yahoo.com","693 Winnifred Light","1991-09-10T14:21:04.701"
"250","Gilberto","Jaden","Charlie","380983254471","Afton.Breitenberg@gmail.com","7027 Oren Ridge","2000-09-23T20:02:39.337"
"251","Franz","Shiloh","Harper","380975779179","Tabitha_Tromp49@gmail.com","752 Alana Point","1946-04-07T09:57:04.784"
"252","Minnie","Cameron","Phoenix","380957260076","Aiden_Sporer@gmail.com","7914 Abe Roads","1960-04-13T03:58:13.023"
"253","Woodrow","Drew","Harper","380974798589","Cecelia_Hettinger7@gmail.com","9407 Myriam Villages","1997-03-09T11:18:36.080"
"254","Okey","Ryan","Nico","380973508279","Elyse_Beier@gmail.com","782 Rohan Trafficway","1967-12-19T06:29:25.429"
"255","Polly","Reign","Bowie","380952644720","Issac49@gmail.com","732 Sterling Creek","1996-03-23T23:56:14.744"
"256","Chasity","Robin","Bailey","380960378535","Abdul.Mills@hotmail.com","5934 Tremblay Junction","2003-08-03T09:00:52.526"
"257","Chelsea","Phoenix","Jules","380979795202","Lea81@yahoo.com","5047 Edison Corners","1976-09-26T15:19:31.715"
"258","Ayana","Emerson","Ellis","380981786583","Daren67@hotmail.com","51434 Dan Corner","1959-08-02T05:36:53.979"
"259","Van","Robin","Greer","380989996201","Denis56@yahoo.com","1083 Kreiger Glen","1983-11-24T08:48:27.608"
"260","Kaitlyn","Leslie","Addison","380982090113","Waldo44@hotmail.com","99295 Winnifred View","2000-08-25T22:37:08.945"
"261","Asia","Drew","Quinn","380977872728","Rosalind18@yahoo.com","180 Pfeffer Track","1945-02-27T19:00:59.152"
"262","Providenci","Sawyer","Alex","380980434137","Nathaniel_Wisoky40@gmail.com","59099 Uriah Locks","2003-07-30T05:32:04.836"
"263","Alysson","Brooklyn","Sawyer","380981590139","Isabella_Anderson46@yahoo.com","97421 Isadore Flats","1948-11-23T12:02:10.005"
"264","Alexandrea","Arden","Ryan","380975846977","Jolie_Rau77@yahoo.com","5478 Pfeffer Green","1981-12-25T08:05:52.454"
"265","Brandy","Arden","Elliott","380976292735","Ismael87@yahoo.com","079 Koss Drive","1947-06-19T01:23:45.361"
"266","Stephania","Kyle","Jamie","380998122878","Larue.Medhurst@yahoo.com","4687 Ignatius Land","1948-02-11T03:54:25.318"
"267","Beulah","Shawn","Jaden","380984436894","Elisabeth61@yahoo.com","80296 Murazik Wells","1997-05-03T00:06:32.450"
"268","Marcia","Robin","Jules","380962036324","Ruben.Batz70@hotmail.com","528 Ortiz Garden","1962-05-08T05:11:47.591"
"269","Maureen","Ellis","Addison","380973604467","Vesta_Cronin70@yahoo.com","780 Collier Points","1977-02-15T12:56:04.429"
"270","Lucious","Logan","North","380981552936","Faye75@yahoo.com","893 Marquardt Lakes","1956-04-26T02:34:25.535"
"271","Felicita","Jaden","Drew","380973942936","Jerald85@gmail.com","758 Parisian Knoll","1965-07-09T15:02:53.822"
"272","Lyric","Jamie","Leslie","380974087862","Lelah_Casper@yahoo.com","026 Lubowitz Pass","1957-03-17T16:19:04.672"
"273","Augustine","Micah","Billie","380972059958","Natalia33@gmail.com","853 Johnny Cliffs","1984-05-29T17:42:34.966"
"274","Clara","Shiloh","Ryan","380983534708","Kaela.Ritchie51@yahoo.com","67901 Sanford Plain","1953-02-08T11:13:35.079"
"275","Eunice","Ryan","Ryan","380995004914","Thalia65@gmail.com","60609 Welch Camp","1961-10-19T01:25:57.684"
"276","Darron","Charlie","Billie","380958558248","Betsy82@yahoo.com","23510 Joany Forge","1959-05-21T02:00:46.006"
"277","Twila","Charlie","Billie","380994468079","Jasmin_Lowe@gmail.com","6977 Upton Ville","1971-06-24T09:23:08.040"
"278","Treva","River","Parker","380998369920","Wilhelm.Metz26@hotmail.com","958 Heidenreich Creek","1976-01-13T21:32:38.071"
"279","Nelle","Marlowe","North","380984596829","Helga51@hotmail.com","8435 Cleve Landing","1986-12-06T17:15:53.365"
"280","Kaitlyn","Addison","Noah","380954444803","Lilla96@yahoo.com","165 Karlie Ridge","1986-08-29T17:51:01.675"
"281","Murphy","Arden","Riley","380995645063","Tyrique.Gibson11@hotmail.com","7183 Kara Grove","2000-12-16T19:29:26.128"
"282","Micheal","Billie","Drew","380970208625","Kyra_Littel35@gmail.com","99648 Rath Orchard","1951-03-10T23:50:42.549"
"283","Larissa","Dakota","Austin","380991463953","Damian_OKon19@hotmail.com","3854 Jailyn Land","1993-06-09T10:50:00.459"
"284","Benny","Jaden","River","380955926755","Golden.Ankunding32@hotmail.com","263 Garett Via","1945-07-27T19:08:14.765"
"285","Theron","Addison","Emerson","380952705149","Morgan31@gmail.com","3857 Ricardo Course","1950-08-08T20:10:03.266"
"286","Caitlyn","Anderson","Taylor","380994975404","Jimmy_Stoltenberg99@gmail.com","4172 Mustafa Estates","1992-07-04T07:57:38.168"
"287","Darrell","Kai","Avery","380990686505","Stanford6@yahoo.com","53849 Wuckert Circle","1948-09-25T18:08:47.937"
"288","Ole","Finley","Shiloh","380988677931","Lucio.Kulas82@hotmail.com","876 Alyson Ridge","2002-10-13T15:29:30.036"
"289","Jolie","Charlie","Reagan","380952240234","Mittie.Dickinson12@gmail.com","6746 Janis Burg","1965-10-03T08:34:15.851"
"290","Harry","River","Kendall","380977470130","Vincenzo39@yahoo.com","22273 Ayla Orchard","1971-08-27T02:41:40.425"
"291","Maggie","Reese","Brooklyn","380955233054","Moses52@hotmail.com","621 Rowe Junction","1998-03-30T03:22:14.843"
"292","Bernadine","August","Bailey","380953249485","Florence43@gmail.com","1664 Noemie Branch","1945-05-17T02:24:24.813"
"293","Sven","Reagan","Sage","380969764098","Quentin57@gmail.com","57106 Norma Plain","1963-12-25T05:58:38.338"
"294","Randall","Blake","Brooklyn","380962816072","Marcus11@gmail.com","0523 Sigmund Point","1949-10-06T21:05:41.436"
"295","Maggie","Anderson","Kai","380961039301","Rory_Larkin4@yahoo.com","232 Weimann Plain","1998-07-25T18:42:33.685"
"296","Paige","Jamie","Rowan","380971652958","Heloise58@gmail.com","4381 Einar Ford","1975-10-16T01:46:06.641"
"297","Enrico","Shiloh","Jordan","380987647516","Robbie98@yahoo.com","832 Spencer Center","1977-03-25T06:11:01.245"
"298","Angelita","Jamie","Drew","380952179609","Reed84@hotmail.com","53637 Davis Land","1994-06-17T16:29:38.228"
"299","Ubaldo","Taylor","Bailey","380990677955","Victor70@yahoo.com","6749 Marlon Parkways","1958-09-12T20:04:08.689"
"300","Rowland","Blake","Robin","380976269340","Alvah_Schinner@hotmail.com","5702 Haley Heights","1948-07-30T19:33:56.507"
"301","Bennie","Blake","Reagan","380999231591","Sylvia.Schiller88@gmail.com","191 Johnpaul Greens","1953-09-21T03:15:43.757"
"302","Lester","Finley","Avery","380990445283","Nicolas.Hills@hotmail.com","88611 Tomas Green","2004-01-03T21:22:57.834"
"303","Elroy","Angel","Charlie","380969430695","Thora_Murazik38@yahoo.com","20730 Adonis Junctions","1947-10-12T11:13:51.122"
"304","Brody","Addison","Hayden","380996538545","Isaiah.Deckow@hotmail.com","2340 Kellen Dam","1970-08-12T18:18:56.174"
"305","Iliana","Cameron","Phoenix","380962559672","Candido.Jones@gmail.com","664 Arlene Mews","1959-09-26T23:54:35.544"
"306","Gerhard","Sawyer","Shawn","380954135318","Muhammad.Lehner83@hotmail.com","60115 Marquardt Views","1953-03-04T00:40:00.158"
"307","Rodger","August","Ryan","380989178008","Charity_Yost67@gmail.com","66982 Anderson Union","1958-08-19T23:15:58.038"
"308","Rhea","Reese","River","380976051867","Cordell.Turner28@hotmail.com","968 Littel Canyon","1951-08-24T19:10:30.244"
"309","Jayne","Bailey","Corey","380985089498","Antonina.Jerde59@hotmail.com","067 Camylle Brooks","1973-04-18T10:39:45.374"
"310","Lavina","Sasha","Greer","380986479212","Bethel.Aufderhar74@gmail.com","71050 Mayer Cape","1969-11-30T18:25:53.477"
"311","Ruben","Robin","Hayden","380979151984","Suzanne_Hilpert@hotmail.com","51536 Harris Mission","1945-11-11T23:25:26.223"
"312","Korey","Marlowe","Robin","380959042199","Cecilia_Durgan@gmail.com","73125 Kassulke Forge","1952-11-01T16:24:20.718"
"313","Annalise","Nico","Sage","380971168269","Demarco35@yahoo.com","4598 Parker Crest","2006-04-02T08:40:47.364"
"314","Coralie","Sawyer","Shawn","380983535672","Willy_Stroman5@yahoo.com","709 Terry Forks","2000-05-12T16:07:41.340"
"315","Rodrigo","Reese","Charlie","380987361180","Shaniya43@hotmail.com","706 Enid Parks","1974-02-24T02:25:56.079"
"316","Vern","Ellis","Logan","380986867741","German1@hotmail.com","6064 Ankunding Fords","1960-03-21T03:35:47.964"
"317","Nelda","Drew","Arden","380997142696","Pink_Wiegand@gmail.com","31937 Ferry Ramp","2003-11-07T04:23:53.350"
"318","Millie","Blake","Quinn","380972141039","Rubye88@yahoo.com","3408 Jarret Cape","1957-08-10T15:34:18.470"
"319","Tomas","Bowie","Billie","380960129298","Garett_Rowe@yahoo.com","351 Batz Burg","1983-01-21T18:05:45.216"
"320","Mellie","Cameron","Dakota","380994214694","Roslyn.Orn@gmail.com","02123 Ortiz Cliff","1944-03-16T16:38:24.926"
"321","Bobby","River","Kai","380988808991","Larry.McLaughlin88@gmail.com","827 Deron Wells","1997-01-15T23:40:50.865"
"322","Alejandrin","Jamie","Blake","380981143630","Aliza2@gmail.com","582 Brown Brooks","1950-07-13T19:02:55.731"
"323","Jarrell","Reagan","Avery","380998540291","Clara99@yahoo.com","5191 Danial Bypass","1956-06-27T06:31:09.559"
"324","Alberta","Quinn","Ryan","380990608208","Lauryn72@yahoo.com","3355 Peter Trafficway","1990-02-15T18:21:31.721"
"325","Jacklyn","Rowan","Emerson","380966340052","Mireya_Swift@gmail.com","915 Prudence Light","1964-05-25T20:24:13.659"
"326","Michaela","Emerson","Nico","380986516885","Elroy.Rolfson@yahoo.com","29608 Bradtke Throughway","1953-04-09T20:20:52.917"
"327","Soledad","Charlie","Finley","380984088191","Enid_Cassin59@gmail.com","2499 Swaniawski Parkway","1983-10-19T20:19:41.046"
"328","Jaqueline","Greer","Ellis","380996561617","Hunter_OConnell@gmail.com","509 Koelpin Ferry","2002-04-09T09:03:43.607"
"329","Mozelle","Alex","Bailey","380989257640","Audreanne.Bode20@gmail.com","23257 Treutel Wall","1989-11-18T11:27:26.973"
"330","Faustino","Parker","Kyle","380988621244","Emile64@gmail.com","1076 Abel Ridge","1988-07-24T02:38:49.542"
"331","Adrian","Leslie","Austin","380965388440","Rubie.Huels@gmail.com","206 Kirlin Harbor","1996-02-23T20:42:11.300"
"332","Elody","Kennedy","August","380951852860","Nona.Barton88@yahoo.com","4156 Kozey Canyon","1945-01-31T04:12:44.299"
"333","Madelyn","Kendall","Rory","380965427048","Walter_Cole2@gmail.com","2883 Stark Path","1962-08-14T20:32:00.323"
"334","Walker","Arden","Sasha","380952991323","Gustave_Heathcote@yahoo.com","95141 Nicolette Oval","1985-09-25T10:50:44.773"
"335","Micaela","Kendall","Skyler","380951562067","Lexie.Schneider@yahoo.com","9574 Jacobson Pine","1951-01-12T02:37:23.256"
"336","Deshawn","Alex","North","380968700426","Vance40@yahoo.com","5040 Bergstrom Rue","1972-09-27T22:53:43.914"
"337","Cordie","London","Reign","380958850658","Stephania_Green@hotmail.com","07234 Ines Ranch","1980-04-17T20:20:29.616"
"338","Allie","Ellis","Billie","380969494762","Sonya_Conn94@gmail.com","10216 Louvenia River","2000-07-18T00:49:00.015"
"339","Frankie","August","Greer","380972571693","Linnie.Blanda0@hotmail.com","81006 Sporer Tunnel","2006-04-09T20:53:50.103"
"340","Christian","Logan","Alex","380974437600","Lela_Anderson8@gmail.com","71170 Bailey Parks","1947-04-21T18:57:24.927"
"341","Keshawn","Rowan","Greer","380973190552","Armando.Swift@yahoo.com","514 Donald Ways","1952-06-13T02:34:55.401"
"342","Luther","Emerson","Blake","380984729057","Sabina5@yahoo.com","9118 Carolyn Knoll","1956-05-19T08:16:34.468"
"343","Ilene","Addison","Reagan","380986053011","Melisa.Goldner9@gmail.com","796 Destiney Ridge","1966-07-02T15:44:59.166"
"344","Nathanial","Gray","Addison","380968118371","Mathew_Huels@gmail.com","1584 Destany Rapid","1984-02-15T21:06:43.602"
"345","Kelsie","Kendall","Logan","380971755314","Branson_Herzog35@yahoo.com","95562 Dickinson Freeway","1969-01-04T10:48:17.238"
"346","Myriam","Billie","Gray","380951387752","Houston98@hotmail.com","6125 Louie Estate","1962-12-25T18:22:25.231"
"347","Stacy","Kyle","Greer","380990477774","Josh.Hintz1@gmail.com","62929 Cummerata Shoals","1996-01-10T10:00:15.566"
"348","Rosella","Avery","Shawn","380984714554","Kenya.Von@gmail.com","663 Mazie Stream","1975-12-06T09:11:11.826"
"349","Mohamed","Austin","Alex","380992477180","Shea.Abernathy@yahoo.com","02335 Deckow Lane","1994-12-09T19:51:39.443"
"350","Hubert","Blake","Alex","380989573570","Bernita_Hodkiewicz@yahoo.com","200 Davis Drives","1965-01-01T18:01:50.462"
"351","Malika","Jaden","Arden","380973002650","Frederick.VonRueden49@hotmail.com","128 Fadel Rapid","1979-02-27T02:05:50.129"
"352","Savion","Quinn","Shiloh","380977158631","Tristian.Feil32@gmail.com","775 Antonette Greens","1971-07-22T22:06:04.590"
"353","Bennett","Corey","Hayden","380988671661","Wallace_Maggio68@gmail.com","8563 Cruickshank Plain","2002-08-11T18:53:14.187"
"354","Sallie","Jules","Cameron","380973091071","Meta8@hotmail.com","82402 Keebler Row","1963-01-31T16:36:52.711"
"355","Bertha","Corey","Dakota","380995236952","Gayle54@hotmail.com","24114 Jerde Tunnel","1960-01-08T04:44:38.762"
"356","Conner","James","Jules","380976335532","Lindsay_Corkery@yahoo.com","5235 Satterfield Alley","1944-02-24T01:44:49.012"
"357","Earline","Kai","Bailey","380996913283","Eudora_Champlin87@hotmail.com","11775 Cremin Coves","1973-08-17T12:50:29.045"
"358","Alexander","Sasha","Billie","380971016074","Gretchen15@hotmail.com","523 Schiller Wells","1947-09-01T03:21:44.698"
"359","Kiley","Jaden","Ellis","380997666335","Holden.Kunze@hotmail.com","1879 Stroman Corners","1962-04-15T21:33:53.816"
"360","Clemmie","Charlie","Elliott","380959341053","Francesco_Schmidt@yahoo.com","63900 Marvin Dale","1954-01-16T14:56:40.761"
"361","Oswaldo","Ryan","Brooklyn","380977323287","Rubye.Langosh77@hotmail.com","920 Wilma Mills","1979-12-08T20:20:52.310"
"362","Kristoffer","Ellis","Phoenix","380974140557","Cody58@hotmail.com","160 Kautzer Track","1999-12-09T02:24:22.998"
"363","Edyth","Ryan","Dakota","380969277505","Nina.Pagac@gmail.com","706 Vena Union","1954-02-28T13:37:41.495"
"364","Johnpaul","Avery","Harper","380967346801","Lilian_Beahan63@gmail.com","12312 Deckow Drive","1960-02-21T03:07:04.149"
"365","Modesta","Emerson","Logan","380954375936","Zachary12@gmail.com","8906 Crist Center","1981-06-30T16:53:39.024"
"366","Liliane","Jordan","Addison","380964965002","Mayra84@yahoo.com","35079 Cremin Plaza","1998-02-17T06:46:49.830"
"367","Florence","Reagan","Avery","380992769157","Annetta30@gmail.com","32822 Oberbrunner Orchard","2003-04-12T18:23:12.324"
"368","Mia","Taylor","Jamie","380966916614","Arielle41@gmail.com","50273 Kuhlman Mountains","1970-03-01T21:52:49.270"
"369","Haley","Reese","Finley","380992424838","Nickolas_Sipes52@gmail.com","71769 Robbie Burg","1974-04-23T21:10:16.607"
"370","Mateo","Austin","Shiloh","380977633672","Tevin_Schuppe89@yahoo.com","5011 Terry Trace","1961-09-28T03:35:27.115"
"371","Lexus","Robin","Taylor","380966845397","Orval_Jast@yahoo.com","52706 Reichel Falls","1982-09-17T16:14:13.525"
"372","Reid","Rory","Anderson","380951583676","Timmy_Mitchell@yahoo.com","3601 Kianna Grove","1995-03-04T00:49:02.731"
"373","Darrel","Rowan","Sasha","380964637526","Kailee_Ebert@gmail.com","9021 Lucile Dale","1968-12-21T06:34:37.098"
"374","Tyra","Avery","Shawn","380974733422","Trent44@hotmail.com","107 Hane Radial","1953-04-25T08:18:53.933"
"375","Makayla","Elliott","Quinn","380983339229","Dianna_Brown64@gmail.com","33223 Fanny Coves","1986-09-22T17:34:44.758"
"376","Freeman","Quinn","Avery","380953742289","Laurianne_Conroy14@yahoo.com","63560 Ransom Squares","1949-02-04T08:12:06.272"
"377","Sienna","Reign","Jordan","380961833850","Jeanie_Runolfsdottir79@hotmail.com","69543 Eleonore Motorway","1987-03-08T03:02:48.755"
"378","Virginia","North","Greer","380954724581","Shanie32@yahoo.com","523 Johnathan Views","2004-06-06T20:31:58.591"
"379","Murphy","Greer","Reese","380974893249","Lurline8@gmail.com","7712 Hauck Landing","1947-12-08T15:33:20.943"
"380","Karlee","Marlowe","Dakota","380990898338","Van_Rice@gmail.com","7117 Margarita Brooks","2000-07-25T09:37:52.715"
"381","Camryn","Elliott","Sage","380976322937","Asha.Okuneva36@hotmail.com","2425 Greenfelder Walk","1957-04-29T08:39:27.856"
"382","Nathen","Kennedy","Reagan","380972294857","Sterling55@gmail.com","27955 Kiley Corner","1968-09-01T10:30:04.633"
"383","Kathryne","Brooklyn","Finley","380967511973","Raphaelle_Stracke@yahoo.com","2351 Lindsey Glens","1975-03-05T07:16:29.813"
"384","Rashad","Sawyer","Reese","380986737758","Weldon60@yahoo.com","2049 Schultz Common","1950-07-09T16:45:41.826"
"385","Ralph","Micah","Jordan","380953423628","Leann53@hotmail.com","4706 Elizabeth Path","1946-03-17T23:21:02.803"
"386","Eleanore","Dakota","Leslie","380965135343","Hershel_Dach@gmail.com","138 Madonna Prairie","1990-03-25T15:12:27.665"
"387","Shanie","Drew","Kai","380960247807","Denis.Nienow95@gmail.com","784 Seamus Court","1996-01-11T03:38:05.088"
"388","Cletus","Addison","Gray","380959967981","Camren_Jerde5@gmail.com","807 Heidenreich Isle","1947-11-04T09:09:56.994"
"389","Keely","Jamie","Anderson","380977515881","Lelia49@yahoo.com","0683 McDermott Ville","1995-04-06T13:34:08.940"
"390","Pearline","Phoenix","Quinn","380972936065","Avis.Macejkovic14@yahoo.com","1046 Jessy Crossroad","1972-01-08T05:27:43.392"
"391","Nella","Jordan","Rowan","380979005369","Wayne.Balistreri62@gmail.com","34554 Adams Lakes","1977-02-27T01:20:06.201"
"392","Summer","Leslie","Micah","380972046709","Zackary_Schimmel@hotmail.com","0448 Bernie Shore","1995-12-03T01:28:02.208"
"393","Lorenza","Ellis","Bailey","380970497972","Lizzie.Crona77@gmail.com","4465 Monserrat Key","1945-04-15T04:59:32.067"
"394","Eunice","Bowie","James","380977448822","Rebekah39@hotmail.com","444 Krystina Pass","1979-02-15T19:23:10.966"
"395","Jimmie","Jaden","Greer","380971714262","Queenie76@yahoo.com","2221 Cecile Ville","1953-06-28T00:55:53.914"
"396","Rosina","Corey","Gray","380996408395","Terrance_Stracke93@yahoo.com","854 Marcel Brook","1946-10-16T20:31:04.128"
"397","Rafael","Billie","Cameron","380977787789","William.Hilpert@gmail.com","644 Pollich Springs","1948-03-13T19:28:47.450"
"398","Emmanuel","Gray","Micah","380983410811","Markus.Feest@yahoo.com","6892 Theo Wall","1954-02-10T07:03:46.478"
"399","Myrtie","Rowan","Skyler","380985286006","Estella63@yahoo.com","4230 Roger Junctions","1993-08-14T10:16:00.064"
"400","Doyle","Blake","Jamie","380965783735","Kailee99@hotmail.com","88082 Huels Expressway","1982-05-28T00:00:03.632"
"401","Jessie","Sasha","North","380970223555","Jedidiah_Shields@gmail.com","01162 Casper Pine","1944-02-29T00:58:58.391"
"402","Leta","Shawn","Elliott","380967727284","Zakary_Herman39@gmail.com","09033 Petra Roads","1982-03-24T01:38:25.604"
"403","Chanel","Robin","Charlie","380977484536","Amber84@gmail.com","0577 Janis Avenue","2006-10-25T06:10:30.996"
"404","Daniella","North","Reagan","380977113167","Lisa_Hessel@gmail.com","03782 Veda Lake","1952-11-28T17:00:17.549"
"405","Lambert","Shiloh","Marlowe","380960112732","Mackenzie30@yahoo.com","06714 Josie Estate","1987-06-15T17:54:06.873"
"406","Leonard","Dakota","August","380996762973","Burnice55@yahoo.com","0352 Leatha Hill","2000-11-10T04:48:00.895"
"407","Evan","Quinn","Robin","380987716887","Margarita_Lueilwitz77@yahoo.com","9884 Brionna Corner","1967-09-27T02:13:28.168"
"408","Johan","Bowie","Cameron","380971037416","Tierra.Mayert81@gmail.com","25126 Meggie Squares","2003-04-28T12:37:18.275"
"409","Jazmyn","Kendall","Hayden","380996628413","Rhett_Ernser@hotmail.com","262 Cleo Flat","1974-03-19T22:03:28.949"
"410","Aurelia","Phoenix","Quinn","380990983851","Kody.Runolfsdottir51@yahoo.com","486 Madelyn Underpass","1967-06-16T11:41:34.732"
"411","Darion","Ellis","Billie","380972081750","Gabriella.Spencer@hotmail.com","916 Dorthy Burg","1989-02-24T16:33:02.901"
"412","Jimmie","Reagan","Alex","380965692815","Cordie_Bernhard@yahoo.com","59828 Faustino Haven","1961-12-20T06:26:17.378"
"413","Tre","Ryan","Austin","380956160645","Juston.Ziemann@gmail.com","046 Letha Manor","1972-01-06T10:52:28.835"
"414","Kavon","Brooklyn","Billie","380995807813","Jensen_Aufderhar@hotmail.com","39808 Kaden Center","1981-10-03T01:34:23.984"
"415","Ed","Shiloh","Elliott","380952651779","Maiya.Tromp96@gmail.com","8233 Monahan Branch","1993-02-09T08:14:08.010"
"416","Andy","Corey","Ryan","380986269730","Everardo.VonRueden@hotmail.com","6244 Mayert Walk","1944-02-16T10:35:27.094"
"417","Florida","Hayden","Marlowe","380999304644","Helmer62@gmail.com","984 Regan Islands","2000-07-01T08:02:23.052"
"418","General","Rory","Emerson","380991587698","Reece47@hotmail.com","4975 Lionel Lock","1956-10-12T04:36:30.645"
"419","Meta","Corey","Hayden","380993311514","Hillary_Haag75@gmail.com","6883 Citlalli Skyway","1990-08-15T15:39:30.200"
"420","Marilou","Bowie","River","380969758866","Pete.Walker@hotmail.com","889 Lavon Via","1969-08-21T22:49:47.609"
"421","Charley","Micah","Sasha","380981994042","Hester.Kuhn54@gmail.com","7461 Kling Motorway","1966-11-17T16:19:50.525"
"422","Kennith","Jordan","Riley","380954051579","Eliezer98@yahoo.com","8602 Roma Bridge","1998-03-15T18:30:46.359"
"423","Gerard","North","James","380998895728","Zane.Beatty@yahoo.com","16315 Nikolaus Circle","1979-07-26T00:42:31.875"
"424","Philip","Blake","Emerson","380979298163","Trace47@gmail.com","4632 Carter Via","1979-08-12T01:07:37.389"
"425","Kara","Billie","Skyler","380963707339","Elenora.Murray@hotmail.com","944 Mireille Trace","1974-04-03T00:00:42.340"
"426","General","Sage","Quinn","380969192609","Sydney.Farrell55@hotmail.com","7551 Marcelino Wells","1944-12-05T20:23:03.987"
"427","Shannon","Rory","Dakota","380999065920","Alivia30@hotmail.com","763 Kertzmann Square","1981-12-11T09:22:02.048"
"428","Trycia","Reagan","Hayden","380994905384","Bart_Doyle9@yahoo.com","23993 Blanche Avenue","1985-10-16T21:05:16.437"
"429","Lavina","Riley","Elliott","380981828456","Nola.Haley@yahoo.com","724 Adella Crest","1996-09-07T03:05:11.116"
"430","Bailee","Sasha","Jules","380971145489","Donny_Cormier25@hotmail.com","93655 Lera Manor","1986-06-02T19:32:48.199"
"431","Hattie","Arden","Parker","380961900188","Marjorie_Turner@hotmail.com","79969 Flavie Trace","1979-12-23T09:13:56.990"
"432","Jadyn","Angel","Cameron","380994242613","Nelda_Raynor@gmail.com","1265 Turner Rest","1972-12-03T02:21:01.216"
"433","Alessandro","Noah","James","380983039188","Lilyan25@yahoo.com","8156 Hammes Branch","1988-08-02T20:46:59.880"
"434","Jaylen","Addison","Bowie","380953519136","August28@yahoo.com","35711 West Land","1968-02-22T04:01:16.722"
"435","Skylar","Kyle","August","380967899778","Bethany69@hotmail.com","755 Nienow Radial","1962-09-29T10:50:22.117"
"436","Elsa","Micah","Jamie","380978672904","Emile62@hotmail.com","99062 Lesch Row","1987-03-24T04:57:32.853"
"437","Katelyn","Corey","Quinn","380974872679","Jalyn.Brown39@yahoo.com","5310 Lavina Inlet","1974-08-08T11:10:53.166"
"438","Maye","Kendall","Cameron","380978117312","Vada_Jenkins@hotmail.com","652 Hermiston Manor","1947-01-11T18:52:43.466"
"439","Eugene","Finley","Reagan","380953350343","Deondre.Schuppe@yahoo.com","2209 Tatum Harbors","1987-03-25T19:34:58.918"
"440","Twila","Jules","Bailey","380955357751","Candace_Quigley@yahoo.com","0938 Fay Meadow","2005-06-28T13:08:57.382"
"441","Desiree","Reign","James","380955578471","Lambert.Reinger@gmail.com","63388 Clementine Fields","1950-07-05T22:19:48.491"
"442","Eddie","Hayden","Elliott","380972963660","Loma.Weissnat@gmail.com","654 Macejkovic Terrace","1953-05-17T04:17:39.413"
"443","Lester","Riley","Shawn","380961601435","Wendell.Hilll37@gmail.com","61987 Nicolas Grove","1995-05-13T01:16:01.526"
"444","Kenna","Reign","Shiloh","380969268314","Ezequiel.Macejkovic24@yahoo.com","3537 Emelie Rest","1946-08-10T14:30:20.333"
"445","Sydney","Phoenix","Greer","380958214758","Chaz12@yahoo.com","2156 Myrna Curve","1944-12-23T00:34:29.284"
"446","Rose","Billie","Avery","380955290848","Rodrigo0@gmail.com","3706 Jordi Pass","2002-01-05T14:02:41.595"
"447","Eulalia","Taylor","Kendall","380999643165","Kirsten.Hilll@hotmail.com","0035 Leland Neck","1980-01-22T09:24:54.519"
"448","Vito","Corey","Charlie","380992495022","Wayne.McClure74@gmail.com","844 Jacobi Track","2004-08-06T10:02:34.152"
"449","Dayne","Avery","River","380970054270","Leopoldo_Kshlerin68@hotmail.com","1848 Garnett Ranch","1944-12-13T21:21:41.479"
"450","Kathlyn","Micah","London","380968873382","Tomas80@hotmail.com","73253 Genoveva Track","1975-07-04T00:39:16.115"
"451","Gerry","Sawyer","Riley","380986059237","Minerva38@gmail.com","142 Terry Key","1959-05-15T20:00:58.081"
"452","Isaiah","Kyle","Rory","380960636142","Walton.Swaniawski23@yahoo.com","06015 Dayna Unions","1981-03-26T07:54:41.984"
"453","Leonor","Taylor","Brooklyn","380999810745","Curtis67@hotmail.com","09174 Auer Route","1965-08-14T05:45:53.835"
"454","Dustin","Robin","Reese","380972308881","Leda.Mertz5@gmail.com","64136 Halvorson Crossing","1967-07-07T11:06:00.866"
"455","Maria","August","Skyler","380962680928","Kelsie_Cronin37@gmail.com","7851 Gorczany River","1969-10-03T18:27:40.936"
"456","Chaya","Finley","Reign","380952519456","Karley_Kub@yahoo.com","740 Nitzsche Forges","1968-01-15T20:15:19.130"
"457","Seamus","Jordan","Greer","380951374584","Mara.Ryan81@gmail.com","42429 Beer Spring","2000-07-15T23:40:40.881"
"458","Destinee","Bailey","Blake","380981805486","Dina29@yahoo.com","570 Glenda Fall","1948-07-11T13:57:34.189"
"459","Malvina","Jaden","North","380985639072","Stanford.Brekke28@gmail.com","657 Watsica Mews","1957-12-03T10:48:47.499"
"460","Jerald","Emerson","Bowie","380979603172","Noe_Streich@yahoo.com","39062 Ella Islands","1961-03-06T03:11:17.237"
"461","Alexandria","Robin","Kyle","380977238815","Casandra_Von35@yahoo.com","866 Elta Rest","2001-10-16T18:12:40.508"
"462","Arianna","Sage","Jordan","380997209506","Silas.Nienow@gmail.com","926 Purdy Highway","2004-03-26T06:44:45.752"
"463","Ed","Reagan","Jamie","380977682586","Caroline55@gmail.com","6234 Harvey Flat","1955-04-16T01:08:34.498"
"464","Kameron","Parker","Jaden","380995499460","Justine84@gmail.com","998 Jones Lodge","1976-03-15T11:26:28.276"
"465","Ramona","Marlowe","Ellis","380976026676","Johanna86@hotmail.com","9197 Langworth Mount","1986-12-17T13:24:16.272"
"466","Alexa","Billie","Micah","380957370499","Olaf81@yahoo.com","860 Ted Ways","1969-06-23T23:08:03.597"
"467","Danny","Finley","Kendall","380996841321","Trycia.Vandervort13@gmail.com","28764 Moore Shoals","1971-04-25T13:00:54.871"
"468","Reilly","Arden","Kendall","380984873663","Christine34@hotmail.com","9758 Hipolito Freeway","1947-04-23T11:12:23.628"
"469","Columbus","Ellis","River","380982883121","Rhea.Block@hotmail.com","44873 Carrie Groves","1997-02-19T22:50:19.130"
"470","Fatima","Sage","Taylor","380961200265","Carlee48@gmail.com","30672 Stanton Knolls","1952-04-24T17:33:19.341"
"471","Damaris","Gray","Taylor","380975889758","Taylor99@yahoo.com","17769 Prosacco Club","1950-08-28T09:18:39.696"
"472","Amani","Skyler","Corey","380951400409","Roberta24@gmail.com","52476 Balistreri Ramp","1991-07-20T04:06:31.700"
"473","Arnoldo","River","Austin","380985031918","Simeon_Haley@yahoo.com","38242 Swaniawski Freeway","1960-05-11T14:40:59.883"
"474","Beaulah","Kendall","Blake","380991061351","Kelly.Aufderhar31@yahoo.com","554 Mylene Walks","1947-05-11T10:52:49.852"
"475","Jeremy","Angel","Parker","380994393596","Rosa6@gmail.com","64787 Nathan Fork","1998-07-21T05:13:43.368"
"476","Yazmin","Ryan","Sasha","380986952607","Tomasa_Runolfsson8@hotmail.com","9382 Olson Cape","1947-09-01T11:42:06.481"
"477","Xavier","Ryan","Arden","380952113422","Sheldon_Koelpin@hotmail.com","9166 Balistreri Forge","1946-02-21T15:52:50.616"
"478","Florida","Greer","Drew","380994100185","Giuseppe_Orn@hotmail.com","01887 Green Pine","1950-12-02T14:25:26.103"
"479","Germaine","Kai","Riley","380966175152","Celestine_Cassin@gmail.com","8478 Mayert Wall","1989-10-20T01:11:11.261"
"480","Tomas","London","Kennedy","380968150980","Jess_DuBuque@yahoo.com","6355 Olson Junctions","1949-02-23T18:24:44.813"
"481","Ephraim","Quinn","Rory","380973015239","Raina_Moore@hotmail.com","600 Cassandre Haven","1973-01-31T10:50:50.928"
"482","Hipolito","Jules","Bowie","380973878930","Amelie2@hotmail.com","9063 Rigoberto Manor","2001-06-11T02:11:02.123"
"483","Berenice","Bowie","Jules","380998041073","Caden_Konopelski@yahoo.com","7145 Aaron Shore","1957-01-03T01:37:43.057"
"484","Vincenza","Dakota","Reagan","380995118217","Demarcus_Breitenberg17@yahoo.com","093 Juwan Radial","2006-07-06T06:03:52.236"
"485","Tre","Rory","Shawn","380974113524","Virgil_Ledner69@yahoo.com","4291 Osinski Points","2005-09-22T16:53:21.001"
"486","Magdalena","Anderson","Kendall","380969737777","Arnoldo.Boehm92@gmail.com","6992 Romaguera Ford","2002-07-29T15:00:45.576"
"487","Clifford","Parker","Addison","380978112307","Eli.Waters67@yahoo.com","2569 Kelley Plaza","1995-07-20T17:01:12.184"
"488","Darryl","August","Bailey","380953251167","Perry53@hotmail.com","751 Seth Mission","1980-12-05T00:38:48.382"
"489","Chaz","Quinn","Alex","380977011613","Braxton_Kemmer@hotmail.com","82282 Berge Ways","1966-10-25T13:41:21.397"
"490","Enrico","Quinn","Jaden","380991998664","Arianna.Abernathy40@yahoo.com","66101 Rae Wall","2004-10-17T22:27:21.047"
"491","Joe","Gray","Kennedy","380991432204","Morris.Gulgowski69@hotmail.com","0124 Daugherty Trafficway","1990-06-24T02:13:28.550"
"492","Chad","Nico","London","380980462655","Heather.Bartoletti@gmail.com","489 Isac Passage","1964-02-16T19:32:45.626"
"493","Dawson","Robin","Greer","380971744089","Salma_Conroy33@yahoo.com","019 Tre Burgs","1976-02-26T02:24:35.487"
"494","Claude","North","James","380975026740","Rod.Collins44@hotmail.com","0334 Cindy Fork","1993-04-09T13:39:57.104"
"495","Roderick","Corey","Angel","380968505832","Jett_Wiza47@yahoo.com","03067 Bo Fort","1996-09-07T02:52:55.660"
"496","Marie","Jordan","Quinn","380959262477","Makenzie.Labadie@yahoo.com","98175 Cielo Lake","1991-04-20T21:45:54.196"
"497","Abigail","Robin","Bailey","380968131339","Roxanne_Ankunding@gmail.com","39017 Reggie Center","1971-04-23T19:21:43.323"
"498","Damaris","Skyler","Taylor","380956972276","Eddie78@hotmail.com","0500 Finn Courts","1981-09-28T18:18:32.092"
"499","Connie","Corey","Reign","380979818081","Garrison0@yahoo.com","369 Connie Divide","1995-12-28T12:15:07.027"
"500","Lou","River","Rory","380962512030","Meagan_Stracke@hotmail.com","7887 Elna Neck","1971-02-21T05:14:49.526"